Reduction Rate,Savings per Patient ($)
10%,295.7599801636499
20%,591.5199603272998
30%,887.2799404909497
